{"original": {"BERT": {"F1": 0.5835411471321696, "Precision": 0.4223826714801444, "Recall": 0.9435483870967742, "Accuracy": 0.9697463768115943}, "LSTM": {"F1": 0.4453280318091451, "Precision": 0.2955145118733509, "Recall": 0.9032258064516129, "Accuracy": 0.949438202247191}, "LR": {"F1": 0.5288461538461539, "Precision": 0.3767123287671233, "Recall": 0.8870967741935484, "Accuracy": 0.9644927536231884}, "SVM": {"F1": 0.5945945945945946, "Precision": 0.5703703703703704, "Recall": 0.6209677419354839, "Accuracy": 0.9809782608695652}}, "augmented_dpo_compliant_1": {"BERT": {"F1": 0.623229461756374, "Precision": 0.48034934497816595, "Recall": 0.8870967741935484, "Accuracy": 0.9759057971014493}, "LSTM": {"F1": 0.5371702637889688, "Precision": 0.3822525597269625, "Recall": 0.9032258064516129, "Accuracy": 0.9650235592606017}, "LR": {"F1": 0.5070422535211268, "Precision": 0.3576158940397351, "Recall": 0.8709677419354839, "Accuracy": 0.9619565217391305}, "SVM": {"F1": 0.6159420289855073, "Precision": 0.5592105263157895, "Recall": 0.6854838709677419, "Accuracy": 0.9807971014492753}}, "augmented_dpo_compliant_2": {"BERT": {"F1": 0.5835411471321696, "Precision": 0.4223826714801444, "Recall": 0.9435483870967742, "Accuracy": 0.9697463768115943}, "LSTM": {"F1": 0.4408817635270541, "Precision": 0.29333333333333333, "Recall": 0.8870967741935484, "Accuracy": 0.949438202247191}, "LR": {"F1": 0.5, "Precision": 0.34810126582278483, "Recall": 0.8870967741935484, "Accuracy": 0.9601449275362319}, "SVM": {"F1": 0.6105263157894737, "Precision": 0.5403726708074534, "Recall": 0.7016129032258065, "Accuracy": 0.9798913043478261}}, "augmented_dpo_compliant_3": {"BERT": {"F1": 0.5686274509803921, "Precision": 0.4084507042253521, "Recall": 0.9354838709677419, "Accuracy": 0.9681159420289855}, "LSTM": {"F1": 0.47216035634743875, "Precision": 0.3261538461538461, "Recall": 0.8548387096774194, "Accuracy": 0.957049655672345}, "LR": {"F1": 0.4942263279445728, "Precision": 0.34627831715210355, "Recall": 0.8629032258064516, "Accuracy": 0.9603260869565218}, "SVM": {"F1": 0.5923344947735192, "Precision": 0.5214723926380368, "Recall": 0.6854838709677419, "Accuracy": 0.9788043478260869}}, "augmented_dpo_compliant_4": {"BERT": {"F1": 0.5164113785557987, "Precision": 0.35435435435435436, "Recall": 0.9516129032258065, "Accuracy": 0.9599637681159421}, "LSTM": {"F1": 0.5129411764705882, "Precision": 0.36212624584717606, "Recall": 0.8790322580645161, "Accuracy": 0.9624864081188836}, "LR": {"F1": 0.48735632183908045, "Precision": 0.3408360128617363, "Recall": 0.8548387096774194, "Accuracy": 0.9596014492753623}, "SVM": {"F1": 0.6075085324232082, "Precision": 0.5266272189349113, "Recall": 0.717741935483871, "Accuracy": 0.9791666666666666}}, "augmented_dpo_compliant_5": {"BERT": {"F1": 0.615819209039548, "Precision": 0.47391304347826085, "Recall": 0.8790322580645161, "Accuracy": 0.9753623188405797}, "LSTM": {"F1": 0.5340050377833753, "Precision": 0.3882783882783883, "Recall": 0.8548387096774194, "Accuracy": 0.966473359913012}, "LR": {"F1": 0.4862385321100917, "Precision": 0.33974358974358976, "Recall": 0.8548387096774194, "Accuracy": 0.9594202898550724}, "SVM": {"F1": 0.6054421768707484, "Precision": 0.5235294117647059, "Recall": 0.717741935483871, "Accuracy": 0.9789855072463768}}}