{"original": {"BERT": {"F1": 0.5054466230936819, "Precision": 0.34626865671641793, "Recall": 0.9354838709677419, "Accuracy": 0.9588768115942029}, "LSTM": {"F1": 0.49557522123893805, "Precision": 0.34146341463414637, "Recall": 0.9032258064516129, "Accuracy": 0.9586806814063066}, "LR": {"F1": 0.5288461538461539, "Precision": 0.3767123287671233, "Recall": 0.8870967741935484, "Accuracy": 0.9644927536231884}, "SVM": {"F1": 0.5945945945945946, "Precision": 0.5703703703703704, "Recall": 0.6209677419354839, "Accuracy": 0.9809782608695652}}, "augmented_dpo_compliant_1": {"BERT": {"F1": 0.5882352941176471, "Precision": 0.4307116104868914, "Recall": 0.9274193548387096, "Accuracy": 0.9708333333333333}, "LSTM": {"F1": 0.5597964376590332, "Precision": 0.40892193308550184, "Recall": 0.8870967741935484, "Accuracy": 0.9686480608916274}, "LR": {"F1": 0.5070422535211268, "Precision": 0.3576158940397351, "Recall": 0.8709677419354839, "Accuracy": 0.9619565217391305}, "SVM": {"F1": 0.6159420289855073, "Precision": 0.5592105263157895, "Recall": 0.6854838709677419, "Accuracy": 0.9807971014492753}}, "augmented_dpo_compliant_2": {"BERT": {"F1": 0.5204301075268818, "Precision": 0.3548387096774194, "Recall": 0.9758064516129032, "Accuracy": 0.9596014492753623}, "LSTM": {"F1": 0.4954128440366973, "Precision": 0.34615384615384615, "Recall": 0.8709677419354839, "Accuracy": 0.9601304820587169}, "LR": {"F1": 0.5, "Precision": 0.34810126582278483, "Recall": 0.8870967741935484, "Accuracy": 0.9601449275362319}, "SVM": {"F1": 0.6105263157894737, "Precision": 0.5403726708074534, "Recall": 0.7016129032258065, "Accuracy": 0.9798913043478261}}, "augmented_dpo_compliant_3": {"BERT": {"F1": 0.6030927835051547, "Precision": 0.4431818181818182, "Recall": 0.9435483870967742, "Accuracy": 0.9721014492753624}, "LSTM": {"F1": 0.5494505494505494, "Precision": 0.4166666666666667, "Recall": 0.8064516129032258, "Accuracy": 0.9702790866255889}, "LR": {"F1": 0.4942263279445728, "Precision": 0.34627831715210355, "Recall": 0.8629032258064516, "Accuracy": 0.9603260869565218}, "SVM": {"F1": 0.5923344947735192, "Precision": 0.5214723926380368, "Recall": 0.6854838709677419, "Accuracy": 0.9788043478260869}}, "augmented_dpo_compliant_4": {"BERT": {"F1": 0.6346153846153846, "Precision": 0.526595744680851, "Recall": 0.7983870967741935, "Accuracy": 0.9793478260869565}, "LSTM": {"F1": 0.60790273556231, "Precision": 0.4878048780487805, "Recall": 0.8064516129032258, "Accuracy": 0.976621964479884}, "LR": {"F1": 0.48735632183908045, "Precision": 0.3408360128617363, "Recall": 0.8548387096774194, "Accuracy": 0.9596014492753623}, "SVM": {"F1": 0.6075085324232082, "Precision": 0.5266272189349113, "Recall": 0.717741935483871, "Accuracy": 0.9791666666666666}}, "augmented_dpo_compliant_5": {"BERT": {"F1": 0.6144578313253012, "Precision": 0.49038461538461536, "Recall": 0.8225806451612904, "Accuracy": 0.9768115942028985}, "LSTM": {"F1": 0.5666666666666667, "Precision": 0.4322033898305085, "Recall": 0.8225806451612904, "Accuracy": 0.9717288872779992}, "LR": {"F1": 0.4862385321100917, "Precision": 0.33974358974358976, "Recall": 0.8548387096774194, "Accuracy": 0.9594202898550724}, "SVM": {"F1": 0.6054421768707484, "Precision": 0.5235294117647059, "Recall": 0.717741935483871, "Accuracy": 0.9789855072463768}}}