{"original": {"BERT": {"F1": 0.5493975903614458, "Precision": 0.3917525773195876, "Recall": 0.9193548387096774, "Accuracy": 0.9661231884057971}, "LSTM": {"F1": 0.44848484848484843, "Precision": 0.2991913746630728, "Recall": 0.8951612903225806, "Accuracy": 0.9505255527364987}, "LR": {"F1": 0.5288461538461539, "Precision": 0.3767123287671233, "Recall": 0.8870967741935484, "Accuracy": 0.9644927536231884}, "SVM": {"F1": 0.5945945945945946, "Precision": 0.5703703703703704, "Recall": 0.6209677419354839, "Accuracy": 0.9809782608695652}}, "generated_dpo_300": {"BERT": {"F1": 0.5714285714285714, "Precision": 0.41134751773049644, "Recall": 0.9354838709677419, "Accuracy": 0.9684782608695652}, "LSTM": {"F1": 0.553191489361702, "Precision": 0.4126984126984127, "Recall": 0.8387096774193549, "Accuracy": 0.9695541862993838}, "LR": {"F1": 0.507177033492823, "Precision": 0.36054421768707484, "Recall": 0.8548387096774194, "Accuracy": 0.9626811594202899}, "SVM": {"F1": 0.6137184115523466, "Precision": 0.5555555555555556, "Recall": 0.6854838709677419, "Accuracy": 0.9806159420289855}}, "generated_dpo_600": {"BERT": {"F1": 0.5488372093023257, "Precision": 0.38562091503267976, "Recall": 0.9516129032258065, "Accuracy": 0.9648550724637681}, "LSTM": {"F1": 0.5118483412322274, "Precision": 0.3624161073825503, "Recall": 0.8709677419354839, "Accuracy": 0.9626676332004349}, "LR": {"F1": 0.5190839694656489, "Precision": 0.379182156133829, "Recall": 0.8225806451612904, "Accuracy": 0.9657608695652173}, "SVM": {"F1": 0.597864768683274, "Precision": 0.535031847133758, "Recall": 0.6774193548387096, "Accuracy": 0.9795289855072464}}, "generated_dpo_900": {"BERT": {"F1": 0.6334310850439884, "Precision": 0.4976958525345622, "Recall": 0.8709677419354839, "Accuracy": 0.9773550724637681}, "LSTM": {"F1": 0.544987146529563, "Precision": 0.4, "Recall": 0.8548387096774194, "Accuracy": 0.9679231605654223}, "LR": {"F1": 0.5065274151436031, "Precision": 0.3745173745173745, "Recall": 0.782258064516129, "Accuracy": 0.9657608695652173}, "SVM": {"F1": 0.6035087719298246, "Precision": 0.5341614906832298, "Recall": 0.6935483870967742, "Accuracy": 0.9795289855072464}}, "generated_dpo_1200": {"BERT": {"F1": 0.6381766381766382, "Precision": 0.4933920704845815, "Recall": 0.9032258064516129, "Accuracy": 0.9769927536231884}, "LSTM": {"F1": 0.5921450151057401, "Precision": 0.47342995169082125, "Recall": 0.7903225806451613, "Accuracy": 0.9755346139905763}, "LR": {"F1": 0.5092838196286471, "Precision": 0.3794466403162055, "Recall": 0.7741935483870968, "Accuracy": 0.9664855072463768}, "SVM": {"F1": 0.6153846153846153, "Precision": 0.5432098765432098, "Recall": 0.7096774193548387, "Accuracy": 0.980072463768116}}, "generated_dpo_1500": {"BERT": {"F1": 0.6089385474860335, "Precision": 0.4658119658119658, "Recall": 0.8790322580645161, "Accuracy": 0.9746376811594203}, "LSTM": {"F1": 0.5894039735099338, "Precision": 0.5, "Recall": 0.717741935483871, "Accuracy": 0.9775280898876404}, "LR": {"F1": 0.5150684931506849, "Precision": 0.3900414937759336, "Recall": 0.7580645161290323, "Accuracy": 0.9679347826086957}, "SVM": {"F1": 0.6105263157894737, "Precision": 0.5403726708074534, "Recall": 0.7016129032258065, "Accuracy": 0.9798913043478261}}, "generated_dpo_1800": {"BERT": {"F1": 0.6214689265536724, "Precision": 0.4782608695652174, "Recall": 0.8870967741935484, "Accuracy": 0.9757246376811595}, "LSTM": {"F1": 0.5673352435530086, "Precision": 0.44, "Recall": 0.7983870967741935, "Accuracy": 0.9726350126857557}, "LR": {"F1": 0.5141242937853108, "Precision": 0.39565217391304347, "Recall": 0.7338709677419355, "Accuracy": 0.9688405797101449}, "SVM": {"F1": 0.5964912280701754, "Precision": 0.5279503105590062, "Recall": 0.6854838709677419, "Accuracy": 0.9791666666666666}}, "generated_dpo_2100": {"BERT": {"F1": 0.6052631578947368, "Precision": 0.44921875, "Recall": 0.9274193548387096, "Accuracy": 0.9728260869565217}, "LSTM": {"F1": 0.5573770491803278, "Precision": 0.4214876033057851, "Recall": 0.8225806451612904, "Accuracy": 0.9706415367886916}, "LR": {"F1": 0.5232558139534883, "Precision": 0.4090909090909091, "Recall": 0.7258064516129032, "Accuracy": 0.9702898550724638}, "SVM": {"F1": 0.5964912280701754, "Precision": 0.5279503105590062, "Recall": 0.6854838709677419, "Accuracy": 0.9791666666666666}}, "generated_dpo_2400": {"BERT": {"F1": 0.6339869281045752, "Precision": 0.532967032967033, "Recall": 0.782258064516129, "Accuracy": 0.9797101449275363}, "LSTM": {"F1": 0.629757785467128, "Precision": 0.5515151515151515, "Recall": 0.7338709677419355, "Accuracy": 0.9806089162740124}, "LR": {"F1": 0.5191740412979351, "Precision": 0.40930232558139534, "Recall": 0.7096774193548387, "Accuracy": 0.9704710144927536}, "SVM": {"F1": 0.5985915492957746, "Precision": 0.53125, "Recall": 0.6854838709677419, "Accuracy": 0.9793478260869565}}, "generated_dpo_2700": {"BERT": {"F1": 0.6431095406360424, "Precision": 0.5723270440251572, "Recall": 0.7338709677419355, "Accuracy": 0.9817028985507247}, "LSTM": {"F1": 0.6376811594202899, "Precision": 0.5789473684210527, "Recall": 0.7096774193548387, "Accuracy": 0.9818774918448713}, "LR": {"F1": 0.5151515151515151, "Precision": 0.41262135922330095, "Recall": 0.6854838709677419, "Accuracy": 0.9710144927536232}, "SVM": {"F1": 0.5785714285714285, "Precision": 0.5192307692307693, "Recall": 0.6532258064516129, "Accuracy": 0.9786231884057971}}, "generated_dpo_3000": {"BERT": {"F1": 0.6689419795221841, "Precision": 0.5798816568047337, "Recall": 0.7903225806451613, "Accuracy": 0.9824275362318841}, "LSTM": {"F1": 0.5972222222222222, "Precision": 0.524390243902439, "Recall": 0.6935483870967742, "Accuracy": 0.9789778905400507}, "LR": {"F1": 0.5263157894736842, "Precision": 0.4271356783919598, "Recall": 0.6854838709677419, "Accuracy": 0.9722826086956522}, "SVM": {"F1": 0.5785714285714285, "Precision": 0.5192307692307693, "Recall": 0.6532258064516129, "Accuracy": 0.9786231884057971}}}