{"original": {"BERT": {"F1": 0.5086206896551724, "Precision": 0.34705882352941175, "Recall": 0.9516129032258065, "Accuracy": 0.9586956521739131}, "LSTM": {"F1": 0.4324324324324324, "Precision": 0.28426395939086296, "Recall": 0.9032258064516129, "Accuracy": 0.9467198260239217}, "LR": {"F1": 0.5288461538461539, "Precision": 0.3767123287671233, "Recall": 0.8870967741935484, "Accuracy": 0.9644927536231884}, "SVM": {"F1": 0.5945945945945946, "Precision": 0.5703703703703704, "Recall": 0.6209677419354839, "Accuracy": 0.9809782608695652}}, "generated_dpo_300": {"BERT": {"F1": 0.486815415821501, "Precision": 0.3252032520325203, "Recall": 0.967741935483871, "Accuracy": 0.9541666666666667}, "LSTM": {"F1": 0.502262443438914, "Precision": 0.3490566037735849, "Recall": 0.8951612903225806, "Accuracy": 0.9601304820587169}, "LR": {"F1": 0.507177033492823, "Precision": 0.36054421768707484, "Recall": 0.8548387096774194, "Accuracy": 0.9626811594202899}, "SVM": {"F1": 0.6137184115523466, "Precision": 0.5555555555555556, "Recall": 0.6854838709677419, "Accuracy": 0.9806159420289855}}, "generated_dpo_600": {"BERT": {"F1": 0.6239554317548748, "Precision": 0.4765957446808511, "Recall": 0.9032258064516129, "Accuracy": 0.9755434782608695}, "LSTM": {"F1": 0.6066066066066066, "Precision": 0.48325358851674644, "Recall": 0.8145161290322581, "Accuracy": 0.9762595143167815}, "LR": {"F1": 0.5190839694656489, "Precision": 0.379182156133829, "Recall": 0.8225806451612904, "Accuracy": 0.9657608695652173}, "SVM": {"F1": 0.597864768683274, "Precision": 0.535031847133758, "Recall": 0.6774193548387096, "Accuracy": 0.9795289855072464}}, "generated_dpo_900": {"BERT": {"F1": 0.6091954022988506, "Precision": 0.4732142857142857, "Recall": 0.8548387096774194, "Accuracy": 0.9753623188405797}, "LSTM": {"F1": 0.5599999999999999, "Precision": 0.4336283185840708, "Recall": 0.7903225806451613, "Accuracy": 0.9720913374411019}, "LR": {"F1": 0.5065274151436031, "Precision": 0.3745173745173745, "Recall": 0.782258064516129, "Accuracy": 0.9657608695652173}, "SVM": {"F1": 0.6035087719298246, "Precision": 0.5341614906832298, "Recall": 0.6935483870967742, "Accuracy": 0.9795289855072464}}, "generated_dpo_1200": {"BERT": {"F1": 0.5221445221445221, "Precision": 0.36721311475409835, "Recall": 0.9032258064516129, "Accuracy": 0.9628623188405797}, "LSTM": {"F1": 0.591304347826087, "Precision": 0.46153846153846156, "Recall": 0.8225806451612904, "Accuracy": 0.9744472635012685}, "LR": {"F1": 0.5092838196286471, "Precision": 0.3794466403162055, "Recall": 0.7741935483870968, "Accuracy": 0.9664855072463768}, "SVM": {"F1": 0.6153846153846153, "Precision": 0.5432098765432098, "Recall": 0.7096774193548387, "Accuracy": 0.980072463768116}}, "generated_dpo_1500": {"BERT": {"F1": 0.6010638297872339, "Precision": 0.44841269841269843, "Recall": 0.9112903225806451, "Accuracy": 0.9728260869565217}, "LSTM": {"F1": 0.5706214689265537, "Precision": 0.4391304347826087, "Recall": 0.8145161290322581, "Accuracy": 0.9724537876042044}, "LR": {"F1": 0.5150684931506849, "Precision": 0.3900414937759336, "Recall": 0.7580645161290323, "Accuracy": 0.9679347826086957}, "SVM": {"F1": 0.6105263157894737, "Precision": 0.5403726708074534, "Recall": 0.7016129032258065, "Accuracy": 0.9798913043478261}}, "generated_dpo_1800": {"BERT": {"F1": 0.6375000000000001, "Precision": 0.5204081632653061, "Recall": 0.8225806451612904, "Accuracy": 0.9789855072463768}, "LSTM": {"F1": 0.6187050359712231, "Precision": 0.5584415584415584, "Recall": 0.6935483870967742, "Accuracy": 0.9807901413555636}, "LR": {"F1": 0.5141242937853108, "Precision": 0.39565217391304347, "Recall": 0.7338709677419355, "Accuracy": 0.9688405797101449}, "SVM": {"F1": 0.5964912280701754, "Precision": 0.5279503105590062, "Recall": 0.6854838709677419, "Accuracy": 0.9791666666666666}}, "generated_dpo_2100": {"BERT": {"F1": 0.6070460704607046, "Precision": 0.45714285714285713, "Recall": 0.9032258064516129, "Accuracy": 0.9737318840579711}, "LSTM": {"F1": 0.5782312925170068, "Precision": 0.5, "Recall": 0.6854838709677419, "Accuracy": 0.9775280898876404}, "LR": {"F1": 0.5232558139534883, "Precision": 0.4090909090909091, "Recall": 0.7258064516129032, "Accuracy": 0.9702898550724638}, "SVM": {"F1": 0.5964912280701754, "Precision": 0.5279503105590062, "Recall": 0.6854838709677419, "Accuracy": 0.9791666666666666}}, "generated_dpo_2400": {"BERT": {"F1": 0.6225895316804408, "Precision": 0.47280334728033474, "Recall": 0.9112903225806451, "Accuracy": 0.9751811594202898}, "LSTM": {"F1": 0.5893416927899686, "Precision": 0.48205128205128206, "Recall": 0.7580645161290323, "Accuracy": 0.9762595143167815}, "LR": {"F1": 0.5191740412979351, "Precision": 0.40930232558139534, "Recall": 0.7096774193548387, "Accuracy": 0.9704710144927536}, "SVM": {"F1": 0.5985915492957746, "Precision": 0.53125, "Recall": 0.6854838709677419, "Accuracy": 0.9793478260869565}}, "generated_dpo_2700": {"BERT": {"F1": 0.6204620462046204, "Precision": 0.5251396648044693, "Recall": 0.7580645161290323, "Accuracy": 0.9791666666666666}, "LSTM": {"F1": 0.5395894428152493, "Precision": 0.423963133640553, "Recall": 0.7419354838709677, "Accuracy": 0.971547662196448}, "LR": {"F1": 0.5151515151515151, "Precision": 0.41262135922330095, "Recall": 0.6854838709677419, "Accuracy": 0.9710144927536232}, "SVM": {"F1": 0.5785714285714285, "Precision": 0.5192307692307693, "Recall": 0.6532258064516129, "Accuracy": 0.9786231884057971}}, "generated_dpo_3000": {"BERT": {"F1": 0.6185567010309279, "Precision": 0.5389221556886228, "Recall": 0.7258064516129032, "Accuracy": 0.9798913043478261}, "LSTM": {"F1": 0.6619718309859155, "Precision": 0.5875, "Recall": 0.7580645161290323, "Accuracy": 0.9826023921710765}, "LR": {"F1": 0.5263157894736842, "Precision": 0.4271356783919598, "Recall": 0.6854838709677419, "Accuracy": 0.9722826086956522}, "SVM": {"F1": 0.5785714285714285, "Precision": 0.5192307692307693, "Recall": 0.6532258064516129, "Accuracy": 0.9786231884057971}}}