{"original": {"BERT": {"F1": 0.4489795918367347, "Precision": 0.29156626506024097, "Recall": 0.9758064516129032, "Accuracy": 0.946195652173913}, "LSTM": {"F1": 0.5135135135135135, "Precision": 0.35625, "Recall": 0.9193548387096774, "Accuracy": 0.9608553823849221}, "LR": {"F1": 0.5288461538461539, "Precision": 0.3767123287671233, "Recall": 0.8870967741935484, "Accuracy": 0.9644927536231884}, "SVM": {"F1": 0.5945945945945946, "Precision": 0.5703703703703704, "Recall": 0.6209677419354839, "Accuracy": 0.9809782608695652}}, "generated_dpo_300": {"BERT": {"F1": 0.5983827493261455, "Precision": 0.4493927125506073, "Recall": 0.8951612903225806, "Accuracy": 0.9730072463768116}, "LSTM": {"F1": 0.5343137254901961, "Precision": 0.38380281690140844, "Recall": 0.8790322580645161, "Accuracy": 0.9655672345052555}, "LR": {"F1": 0.507177033492823, "Precision": 0.36054421768707484, "Recall": 0.8548387096774194, "Accuracy": 0.9626811594202899}, "SVM": {"F1": 0.6137184115523466, "Precision": 0.5555555555555556, "Recall": 0.6854838709677419, "Accuracy": 0.9806159420289855}}, "generated_dpo_600": {"BERT": {"F1": 0.553921568627451, "Precision": 0.397887323943662, "Recall": 0.9112903225806451, "Accuracy": 0.9670289855072464}, "LSTM": {"F1": 0.5392670157068062, "Precision": 0.3992248062015504, "Recall": 0.8306451612903226, "Accuracy": 0.9681043856469735}, "LR": {"F1": 0.5190839694656489, "Precision": 0.379182156133829, "Recall": 0.8225806451612904, "Accuracy": 0.9657608695652173}, "SVM": {"F1": 0.597864768683274, "Precision": 0.535031847133758, "Recall": 0.6774193548387096, "Accuracy": 0.9795289855072464}}, "generated_dpo_900": {"BERT": {"F1": 0.5983379501385042, "Precision": 0.45569620253164556, "Recall": 0.8709677419354839, "Accuracy": 0.9737318840579711}, "LSTM": {"F1": 0.5421052631578948, "Precision": 0.40234375, "Recall": 0.8306451612903226, "Accuracy": 0.9684668358100761}, "LR": {"F1": 0.5065274151436031, "Precision": 0.3745173745173745, "Recall": 0.782258064516129, "Accuracy": 0.9657608695652173}, "SVM": {"F1": 0.6035087719298246, "Precision": 0.5341614906832298, "Recall": 0.6935483870967742, "Accuracy": 0.9795289855072464}}, "generated_dpo_1200": {"BERT": {"F1": 0.6222222222222222, "Precision": 0.4745762711864407, "Recall": 0.9032258064516129, "Accuracy": 0.9753623188405797}, "LSTM": {"F1": 0.6056782334384858, "Precision": 0.49740932642487046, "Recall": 0.7741935483870968, "Accuracy": 0.9773468648060891}, "LR": {"F1": 0.5092838196286471, "Precision": 0.3794466403162055, "Recall": 0.7741935483870968, "Accuracy": 0.9664855072463768}, "SVM": {"F1": 0.6132404181184669, "Precision": 0.5398773006134969, "Recall": 0.7096774193548387, "Accuracy": 0.9798913043478261}}, "generated_dpo_1500": {"BERT": {"F1": 0.6010928961748634, "Precision": 0.45454545454545453, "Recall": 0.8870967741935484, "Accuracy": 0.9735507246376811}, "LSTM": {"F1": 0.5750000000000001, "Precision": 0.46938775510204084, "Recall": 0.7419354838709677, "Accuracy": 0.975353388909025}, "LR": {"F1": 0.5150684931506849, "Precision": 0.3900414937759336, "Recall": 0.7580645161290323, "Accuracy": 0.9679347826086957}, "SVM": {"F1": 0.6105263157894737, "Precision": 0.5403726708074534, "Recall": 0.7016129032258065, "Accuracy": 0.9798913043478261}}, "generated_dpo_1800": {"BERT": {"F1": 0.6218487394957983, "Precision": 0.47639484978540775, "Recall": 0.8951612903225806, "Accuracy": 0.9755434782608695}, "LSTM": {"F1": 0.5592705167173253, "Precision": 0.44878048780487806, "Recall": 0.7419354838709677, "Accuracy": 0.9737223631750634}, "LR": {"F1": 0.5141242937853108, "Precision": 0.39565217391304347, "Recall": 0.7338709677419355, "Accuracy": 0.9688405797101449}, "SVM": {"F1": 0.5964912280701754, "Precision": 0.5279503105590062, "Recall": 0.6854838709677419, "Accuracy": 0.9791666666666666}}, "generated_dpo_2100": {"BERT": {"F1": 0.6258503401360543, "Precision": 0.5411764705882353, "Recall": 0.7419354838709677, "Accuracy": 0.980072463768116}, "LSTM": {"F1": 0.5878787878787879, "Precision": 0.470873786407767, "Recall": 0.782258064516129, "Accuracy": 0.975353388909025}, "LR": {"F1": 0.5232558139534883, "Precision": 0.4090909090909091, "Recall": 0.7258064516129032, "Accuracy": 0.9702898550724638}, "SVM": {"F1": 0.5964912280701754, "Precision": 0.5279503105590062, "Recall": 0.6854838709677419, "Accuracy": 0.9791666666666666}}, "generated_dpo_2400": {"BERT": {"F1": 0.6579804560260587, "Precision": 0.5519125683060109, "Recall": 0.8145161290322581, "Accuracy": 0.9809782608695652}, "LSTM": {"F1": 0.5907692307692307, "Precision": 0.47761194029850745, "Recall": 0.7741935483870968, "Accuracy": 0.9758970641536788}, "LR": {"F1": 0.5191740412979351, "Precision": 0.40930232558139534, "Recall": 0.7096774193548387, "Accuracy": 0.9704710144927536}, "SVM": {"F1": 0.5985915492957746, "Precision": 0.53125, "Recall": 0.6854838709677419, "Accuracy": 0.9793478260869565}}, "generated_dpo_2700": {"BERT": {"F1": 0.6597222222222222, "Precision": 0.5792682926829268, "Recall": 0.7661290322580645, "Accuracy": 0.9822463768115942}, "LSTM": {"F1": 0.5904059040590406, "Precision": 0.54421768707483, "Recall": 0.6451612903225806, "Accuracy": 0.9798840159478072}, "LR": {"F1": 0.5151515151515151, "Precision": 0.41262135922330095, "Recall": 0.6854838709677419, "Accuracy": 0.9710144927536232}, "SVM": {"F1": 0.5785714285714285, "Precision": 0.5192307692307693, "Recall": 0.6532258064516129, "Accuracy": 0.9786231884057971}}, "generated_dpo_3000": {"BERT": {"F1": 0.6246418338108882, "Precision": 0.48444444444444446, "Recall": 0.8790322580645161, "Accuracy": 0.976268115942029}, "LSTM": {"F1": 0.5942492012779552, "Precision": 0.49206349206349204, "Recall": 0.75, "Accuracy": 0.9769844146429866}, "LR": {"F1": 0.5263157894736842, "Precision": 0.4271356783919598, "Recall": 0.6854838709677419, "Accuracy": 0.9722826086956522}, "SVM": {"F1": 0.5785714285714285, "Precision": 0.5192307692307693, "Recall": 0.6532258064516129, "Accuracy": 0.9786231884057971}}}