{"original": {"BERT": {"F1": 0.5395348837209302, "Precision": 0.3790849673202614, "Recall": 0.9354838709677419, "Accuracy": 0.9641304347826087}, "LSTM": {"F1": 0.4496124031007752, "Precision": 0.29591836734693877, "Recall": 0.9354838709677419, "Accuracy": 0.9485320768394345}, "LR": {"F1": 0.5288461538461539, "Precision": 0.3767123287671233, "Recall": 0.8870967741935484, "Accuracy": 0.9644927536231884}, "SVM": {"F1": 0.5945945945945946, "Precision": 0.5703703703703704, "Recall": 0.6209677419354839, "Accuracy": 0.9809782608695652}}, "generated_dpo_300": {"BERT": {"F1": 0.5441527446300717, "Precision": 0.3864406779661017, "Recall": 0.9193548387096774, "Accuracy": 0.9653985507246376}, "LSTM": {"F1": 0.5273159144893111, "Precision": 0.37373737373737376, "Recall": 0.8951612903225806, "Accuracy": 0.9639362087712939}, "LR": {"F1": 0.507177033492823, "Precision": 0.36054421768707484, "Recall": 0.8548387096774194, "Accuracy": 0.9626811594202899}, "SVM": {"F1": 0.6137184115523466, "Precision": 0.5555555555555556, "Recall": 0.6854838709677419, "Accuracy": 0.9806159420289855}}, "generated_dpo_600": {"BERT": {"F1": 0.5792349726775956, "Precision": 0.4380165289256198, "Recall": 0.8548387096774194, "Accuracy": 0.9721014492753624}, "LSTM": {"F1": 0.5059665871121719, "Precision": 0.3593220338983051, "Recall": 0.8548387096774194, "Accuracy": 0.9624864081188836}, "LR": {"F1": 0.5190839694656489, "Precision": 0.379182156133829, "Recall": 0.8225806451612904, "Accuracy": 0.9657608695652173}, "SVM": {"F1": 0.597864768683274, "Precision": 0.535031847133758, "Recall": 0.6774193548387096, "Accuracy": 0.9795289855072464}}, "generated_dpo_900": {"BERT": {"F1": 0.5450346420323325, "Precision": 0.3818770226537217, "Recall": 0.9516129032258065, "Accuracy": 0.9643115942028986}, "LSTM": {"F1": 0.5830903790087463, "Precision": 0.45662100456621, "Recall": 0.8064516129032258, "Accuracy": 0.974084813338166}, "LR": {"F1": 0.5065274151436031, "Precision": 0.3745173745173745, "Recall": 0.782258064516129, "Accuracy": 0.9657608695652173}, "SVM": {"F1": 0.6035087719298246, "Precision": 0.5341614906832298, "Recall": 0.6935483870967742, "Accuracy": 0.9795289855072464}}, "generated_dpo_1200": {"BERT": {"F1": 0.6392961876832844, "Precision": 0.5023041474654378, "Recall": 0.8790322580645161, "Accuracy": 0.9777173913043479}, "LSTM": {"F1": 0.6006006006006005, "Precision": 0.4784688995215311, "Recall": 0.8064516129032258, "Accuracy": 0.9758970641536788}, "LR": {"F1": 0.5092838196286471, "Precision": 0.3794466403162055, "Recall": 0.7741935483870968, "Accuracy": 0.9664855072463768}, "SVM": {"F1": 0.6153846153846153, "Precision": 0.5432098765432098, "Recall": 0.7096774193548387, "Accuracy": 0.980072463768116}}, "generated_dpo_1500": {"BERT": {"F1": 0.6218487394957983, "Precision": 0.47639484978540775, "Recall": 0.8951612903225806, "Accuracy": 0.9755434782608695}, "LSTM": {"F1": 0.6038961038961038, "Precision": 0.5054347826086957, "Recall": 0.75, "Accuracy": 0.977890540050743}, "LR": {"F1": 0.5150684931506849, "Precision": 0.3900414937759336, "Recall": 0.7580645161290323, "Accuracy": 0.9679347826086957}, "SVM": {"F1": 0.6105263157894737, "Precision": 0.5403726708074534, "Recall": 0.7016129032258065, "Accuracy": 0.9798913043478261}}, "generated_dpo_1800": {"BERT": {"F1": 0.6254071661237786, "Precision": 0.5245901639344263, "Recall": 0.7741935483870968, "Accuracy": 0.9791666666666666}, "LSTM": {"F1": 0.5909090909090909, "Precision": 0.4945652173913043, "Recall": 0.7338709677419355, "Accuracy": 0.9771656397245378}, "LR": {"F1": 0.5141242937853108, "Precision": 0.39565217391304347, "Recall": 0.7338709677419355, "Accuracy": 0.9688405797101449}, "SVM": {"F1": 0.5964912280701754, "Precision": 0.5279503105590062, "Recall": 0.6854838709677419, "Accuracy": 0.9791666666666666}}, "generated_dpo_2100": {"BERT": {"F1": 0.59375, "Precision": 0.43846153846153846, "Recall": 0.9193548387096774, "Accuracy": 0.9717391304347827}, "LSTM": {"F1": 0.6031746031746033, "Precision": 0.4973821989528796, "Recall": 0.7661290322580645, "Accuracy": 0.9773468648060891}, "LR": {"F1": 0.5232558139534883, "Precision": 0.4090909090909091, "Recall": 0.7258064516129032, "Accuracy": 0.9702898550724638}, "SVM": {"F1": 0.5964912280701754, "Precision": 0.5279503105590062, "Recall": 0.6854838709677419, "Accuracy": 0.9791666666666666}}, "generated_dpo_2400": {"BERT": {"F1": 0.6376811594202898, "Precision": 0.497737556561086, "Recall": 0.8870967741935484, "Accuracy": 0.9773550724637681}, "LSTM": {"F1": 0.594059405940594, "Precision": 0.5027932960893855, "Recall": 0.7258064516129032, "Accuracy": 0.9777093149691918}, "LR": {"F1": 0.5191740412979351, "Precision": 0.40930232558139534, "Recall": 0.7096774193548387, "Accuracy": 0.9704710144927536}, "SVM": {"F1": 0.5985915492957746, "Precision": 0.53125, "Recall": 0.6854838709677419, "Accuracy": 0.9793478260869565}}, "generated_dpo_2700": {"BERT": {"F1": 0.6387096774193548, "Precision": 0.532258064516129, "Recall": 0.7983870967741935, "Accuracy": 0.9797101449275363}, "LSTM": {"F1": 0.6204620462046204, "Precision": 0.5251396648044693, "Recall": 0.7580645161290323, "Accuracy": 0.9791591156216021}, "LR": {"F1": 0.5151515151515151, "Precision": 0.41262135922330095, "Recall": 0.6854838709677419, "Accuracy": 0.9710144927536232}, "SVM": {"F1": 0.5785714285714285, "Precision": 0.5192307692307693, "Recall": 0.6532258064516129, "Accuracy": 0.9786231884057971}}, "generated_dpo_3000": {"BERT": {"F1": 0.6218487394957983, "Precision": 0.47639484978540775, "Recall": 0.8951612903225806, "Accuracy": 0.9755434782608695}, "LSTM": {"F1": 0.6040268456375839, "Precision": 0.5172413793103449, "Recall": 0.7258064516129032, "Accuracy": 0.9786154403769481}, "LR": {"F1": 0.5263157894736842, "Precision": 0.4271356783919598, "Recall": 0.6854838709677419, "Accuracy": 0.9722826086956522}, "SVM": {"F1": 0.5785714285714285, "Precision": 0.5192307692307693, "Recall": 0.6532258064516129, "Accuracy": 0.9786231884057971}}}