{"original": {"BERT": {"F1": 0.4836065573770492, "Precision": 0.3241758241758242, "Recall": 0.9516129032258065, "Accuracy": 0.9543478260869566}, "LSTM": {"F1": 0.4562899786780384, "Precision": 0.3101449275362319, "Recall": 0.8629032258064516, "Accuracy": 0.9537876042044219}, "LR": {"F1": 0.5288461538461539, "Precision": 0.3767123287671233, "Recall": 0.8870967741935484, "Accuracy": 0.9644927536231884}, "SVM": {"F1": 0.5945945945945946, "Precision": 0.5703703703703704, "Recall": 0.6209677419354839, "Accuracy": 0.9809782608695652}}, "augmented_dpo_compliant_1": {"BERT": {"F1": 0.4521072796934866, "Precision": 0.2964824120603015, "Recall": 0.9516129032258065, "Accuracy": 0.9481884057971014}, "LSTM": {"F1": 0.5714285714285714, "Precision": 0.41454545454545455, "Recall": 0.9193548387096774, "Accuracy": 0.96901051105473}, "LR": {"F1": 0.5070422535211268, "Precision": 0.3576158940397351, "Recall": 0.8709677419354839, "Accuracy": 0.9619565217391305}, "SVM": {"F1": 0.6159420289855073, "Precision": 0.5592105263157895, "Recall": 0.6854838709677419, "Accuracy": 0.9807971014492753}}, "augmented_dpo_compliant_2": {"BERT": {"F1": 0.5409090909090909, "Precision": 0.37658227848101267, "Recall": 0.9596774193548387, "Accuracy": 0.9634057971014492}, "LSTM": {"F1": 0.5294117647058824, "Precision": 0.38028169014084506, "Recall": 0.8709677419354839, "Accuracy": 0.965204784342153}, "LR": {"F1": 0.5, "Precision": 0.34810126582278483, "Recall": 0.8870967741935484, "Accuracy": 0.9601449275362319}, "SVM": {"F1": 0.6105263157894737, "Precision": 0.5403726708074534, "Recall": 0.7016129032258065, "Accuracy": 0.9798913043478261}}, "augmented_dpo_compliant_3": {"BERT": {"F1": 0.5958549222797928, "Precision": 0.4389312977099237, "Recall": 0.9274193548387096, "Accuracy": 0.9717391304347827}, "LSTM": {"F1": 0.5868945868945868, "Precision": 0.45374449339207046, "Recall": 0.8306451612903226, "Accuracy": 0.9737223631750634}, "LR": {"F1": 0.4942263279445728, "Precision": 0.34627831715210355, "Recall": 0.8629032258064516, "Accuracy": 0.9603260869565218}, "SVM": {"F1": 0.5923344947735192, "Precision": 0.5214723926380368, "Recall": 0.6854838709677419, "Accuracy": 0.9788043478260869}}, "augmented_dpo_compliant_4": {"BERT": {"F1": 0.647887323943662, "Precision": 0.49783549783549785, "Recall": 0.9274193548387096, "Accuracy": 0.9773550724637681}, "LSTM": {"F1": 0.5780346820809248, "Precision": 0.45045045045045046, "Recall": 0.8064516129032258, "Accuracy": 0.9735411380935122}, "LR": {"F1": 0.48735632183908045, "Precision": 0.3408360128617363, "Recall": 0.8548387096774194, "Accuracy": 0.9596014492753623}, "SVM": {"F1": 0.6075085324232082, "Precision": 0.5266272189349113, "Recall": 0.717741935483871, "Accuracy": 0.9791666666666666}}, "augmented_dpo_compliant_5": {"BERT": {"F1": 0.6132596685082873, "Precision": 0.46638655462184875, "Recall": 0.8951612903225806, "Accuracy": 0.9746376811594203}, "LSTM": {"F1": 0.5445292620865141, "Precision": 0.39776951672862454, "Recall": 0.8629032258064516, "Accuracy": 0.9675607104023197}, "LR": {"F1": 0.4862385321100917, "Precision": 0.33974358974358976, "Recall": 0.8548387096774194, "Accuracy": 0.9594202898550724}, "SVM": {"F1": 0.6054421768707484, "Precision": 0.5235294117647059, "Recall": 0.717741935483871, "Accuracy": 0.9789855072463768}}}