{"original": {"BERT": {"F1": 0.5734939759036144, "Precision": 0.40893470790378006, "Recall": 0.9596774193548387, "Accuracy": 0.9679347826086957}, "LSTM": {"F1": 0.5162790697674419, "Precision": 0.3627450980392157, "Recall": 0.8951612903225806, "Accuracy": 0.9623051830373324}, "LR": {"F1": 0.5288461538461539, "Precision": 0.3767123287671233, "Recall": 0.8870967741935484, "Accuracy": 0.9644927536231884}, "SVM": {"F1": 0.5945945945945946, "Precision": 0.5703703703703704, "Recall": 0.6209677419354839, "Accuracy": 0.9809782608695652}}, "augmented_dpo_compliant_1": {"BERT": {"F1": 0.5876288659793815, "Precision": 0.4318181818181818, "Recall": 0.9193548387096774, "Accuracy": 0.9710144927536232}, "LSTM": {"F1": 0.49457700650759223, "Precision": 0.33827893175074186, "Recall": 0.9193548387096774, "Accuracy": 0.9577745559985502}, "LR": {"F1": 0.5070422535211268, "Precision": 0.3576158940397351, "Recall": 0.8709677419354839, "Accuracy": 0.9619565217391305}, "SVM": {"F1": 0.6159420289855073, "Precision": 0.5592105263157895, "Recall": 0.6854838709677419, "Accuracy": 0.9807971014492753}}, "augmented_dpo_compliant_2": {"BERT": {"F1": 0.5685279187817258, "Precision": 0.4148148148148148, "Recall": 0.9032258064516129, "Accuracy": 0.9692028985507246}, "LSTM": {"F1": 0.5208845208845209, "Precision": 0.3745583038869258, "Recall": 0.8548387096774194, "Accuracy": 0.9646611090974991}, "LR": {"F1": 0.5, "Precision": 0.34810126582278483, "Recall": 0.8870967741935484, "Accuracy": 0.9601449275362319}, "SVM": {"F1": 0.6105263157894737, "Precision": 0.5403726708074534, "Recall": 0.7016129032258065, "Accuracy": 0.9798913043478261}}, "augmented_dpo_compliant_3": {"BERT": {"F1": 0.519650655021834, "Precision": 0.3562874251497006, "Recall": 0.9596774193548387, "Accuracy": 0.9601449275362319}, "LSTM": {"F1": 0.48997772828507796, "Precision": 0.3384615384615385, "Recall": 0.8870967741935484, "Accuracy": 0.9584994563247553}, "LR": {"F1": 0.4942263279445728, "Precision": 0.34627831715210355, "Recall": 0.8629032258064516, "Accuracy": 0.9603260869565218}, "SVM": {"F1": 0.5923344947735192, "Precision": 0.5214723926380368, "Recall": 0.6854838709677419, "Accuracy": 0.9788043478260869}}, "augmented_dpo_compliant_4": {"BERT": {"F1": 0.5835543766578248, "Precision": 0.43478260869565216, "Recall": 0.8870967741935484, "Accuracy": 0.9715579710144927}, "LSTM": {"F1": 0.550408719346049, "Precision": 0.4156378600823045, "Recall": 0.8145161290322581, "Accuracy": 0.9700978615440377}, "LR": {"F1": 0.48735632183908045, "Precision": 0.3408360128617363, "Recall": 0.8548387096774194, "Accuracy": 0.9596014492753623}, "SVM": {"F1": 0.6075085324232082, "Precision": 0.5266272189349113, "Recall": 0.717741935483871, "Accuracy": 0.9791666666666666}}, "augmented_dpo_compliant_5": {"BERT": {"F1": 0.6049046321525886, "Precision": 0.4567901234567901, "Recall": 0.8951612903225806, "Accuracy": 0.9737318840579711}, "LSTM": {"F1": 0.5714285714285714, "Precision": 0.4528301886792453, "Recall": 0.7741935483870968, "Accuracy": 0.9739035882566147}, "LR": {"F1": 0.4862385321100917, "Precision": 0.33974358974358976, "Recall": 0.8548387096774194, "Accuracy": 0.9594202898550724}, "SVM": {"F1": 0.6054421768707484, "Precision": 0.5235294117647059, "Recall": 0.717741935483871, "Accuracy": 0.9789855072463768}}}