{"original": {"BERT": {"F1": 0.5558312655086849, "Precision": 0.4014336917562724, "Recall": 0.9032258064516129, "Accuracy": 0.9675724637681159}, "LSTM": {"F1": 0.4543610547667343, "Precision": 0.3035230352303523, "Recall": 0.9032258064516129, "Accuracy": 0.9512504530627038}, "LR": {"F1": 0.5288461538461539, "Precision": 0.3767123287671233, "Recall": 0.8870967741935484, "Accuracy": 0.9644927536231884}, "SVM": {"F1": 0.5945945945945946, "Precision": 0.5703703703703704, "Recall": 0.6209677419354839, "Accuracy": 0.9809782608695652}}, "generated_dpo_300": {"BERT": {"F1": 0.4444444444444444, "Precision": 0.28846153846153844, "Recall": 0.967741935483871, "Accuracy": 0.9456521739130435}, "LSTM": {"F1": 0.5472636815920399, "Precision": 0.39568345323741005, "Recall": 0.8870967741935484, "Accuracy": 0.9670170351576658}, "LR": {"F1": 0.507177033492823, "Precision": 0.36054421768707484, "Recall": 0.8548387096774194, "Accuracy": 0.9626811594202899}, "SVM": {"F1": 0.6137184115523466, "Precision": 0.5555555555555556, "Recall": 0.6854838709677419, "Accuracy": 0.9806159420289855}}, "generated_dpo_600": {"BERT": {"F1": 0.6118980169971672, "Precision": 0.47161572052401746, "Recall": 0.8709677419354839, "Accuracy": 0.9751811594202898}, "LSTM": {"F1": 0.5106382978723405, "Precision": 0.3612040133779264, "Recall": 0.8709677419354839, "Accuracy": 0.9624864081188836}, "LR": {"F1": 0.5190839694656489, "Precision": 0.379182156133829, "Recall": 0.8225806451612904, "Accuracy": 0.9657608695652173}, "SVM": {"F1": 0.597864768683274, "Precision": 0.535031847133758, "Recall": 0.6774193548387096, "Accuracy": 0.9795289855072464}}, "generated_dpo_900": {"BERT": {"F1": 0.5888324873096447, "Precision": 0.42962962962962964, "Recall": 0.9354838709677419, "Accuracy": 0.9706521739130435}, "LSTM": {"F1": 0.5771428571428571, "Precision": 0.4469026548672566, "Recall": 0.8145161290322581, "Accuracy": 0.9731786879304095}, "LR": {"F1": 0.5065274151436031, "Precision": 0.3745173745173745, "Recall": 0.782258064516129, "Accuracy": 0.9657608695652173}, "SVM": {"F1": 0.6035087719298246, "Precision": 0.5341614906832298, "Recall": 0.6935483870967742, "Accuracy": 0.9795289855072464}}, "generated_dpo_1200": {"BERT": {"F1": 0.6428571428571428, "Precision": 0.5094339622641509, "Recall": 0.8709677419354839, "Accuracy": 0.9782608695652174}, "LSTM": {"F1": 0.546448087431694, "Precision": 0.4132231404958678, "Recall": 0.8064516129032258, "Accuracy": 0.9699166364624864}, "LR": {"F1": 0.5092838196286471, "Precision": 0.3794466403162055, "Recall": 0.7741935483870968, "Accuracy": 0.9664855072463768}, "SVM": {"F1": 0.6153846153846153, "Precision": 0.5432098765432098, "Recall": 0.7096774193548387, "Accuracy": 0.980072463768116}}, "generated_dpo_1500": {"BERT": {"F1": 0.6144200626959248, "Precision": 0.5025641025641026, "Recall": 0.7903225806451613, "Accuracy": 0.9777173913043479}, "LSTM": {"F1": 0.5797101449275363, "Precision": 0.45248868778280543, "Recall": 0.8064516129032258, "Accuracy": 0.9737223631750634}, "LR": {"F1": 0.5150684931506849, "Precision": 0.3900414937759336, "Recall": 0.7580645161290323, "Accuracy": 0.9679347826086957}, "SVM": {"F1": 0.6105263157894737, "Precision": 0.5403726708074534, "Recall": 0.7016129032258065, "Accuracy": 0.9798913043478261}}, "generated_dpo_1800": {"BERT": {"F1": 0.5994236311239193, "Precision": 0.4663677130044843, "Recall": 0.8387096774193549, "Accuracy": 0.9748188405797101}, "LSTM": {"F1": 0.5836065573770493, "Precision": 0.49171270718232046, "Recall": 0.717741935483871, "Accuracy": 0.9769844146429866}, "LR": {"F1": 0.5141242937853108, "Precision": 0.39565217391304347, "Recall": 0.7338709677419355, "Accuracy": 0.9688405797101449}, "SVM": {"F1": 0.5964912280701754, "Precision": 0.5279503105590062, "Recall": 0.6854838709677419, "Accuracy": 0.9791666666666666}}, "generated_dpo_2100": {"BERT": {"F1": 0.5888594164456233, "Precision": 0.43873517786561267, "Recall": 0.8951612903225806, "Accuracy": 0.9719202898550725}, "LSTM": {"F1": 0.599406528189911, "Precision": 0.47417840375586856, "Recall": 0.8145161290322581, "Accuracy": 0.9755346139905763}, "LR": {"F1": 0.5232558139534883, "Precision": 0.4090909090909091, "Recall": 0.7258064516129032, "Accuracy": 0.9702898550724638}, "SVM": {"F1": 0.5964912280701754, "Precision": 0.5279503105590062, "Recall": 0.6854838709677419, "Accuracy": 0.9791666666666666}}, "generated_dpo_2400": {"BERT": {"F1": 0.6435331230283912, "Precision": 0.5284974093264249, "Recall": 0.8225806451612904, "Accuracy": 0.9795289855072464}, "LSTM": {"F1": 0.6015037593984963, "Precision": 0.5633802816901409, "Recall": 0.6451612903225806, "Accuracy": 0.9807901413555636}, "LR": {"F1": 0.5191740412979351, "Precision": 0.40930232558139534, "Recall": 0.7096774193548387, "Accuracy": 0.9704710144927536}, "SVM": {"F1": 0.5985915492957746, "Precision": 0.53125, "Recall": 0.6854838709677419, "Accuracy": 0.9793478260869565}}, "generated_dpo_2700": {"BERT": {"F1": 0.5685279187817258, "Precision": 0.4148148148148148, "Recall": 0.9032258064516129, "Accuracy": 0.9692028985507246}, "LSTM": {"F1": 0.5870307167235495, "Precision": 0.5088757396449705, "Recall": 0.6935483870967742, "Accuracy": 0.9780717651322943}, "LR": {"F1": 0.5151515151515151, "Precision": 0.41262135922330095, "Recall": 0.6854838709677419, "Accuracy": 0.9710144927536232}, "SVM": {"F1": 0.5785714285714285, "Precision": 0.5192307692307693, "Recall": 0.6532258064516129, "Accuracy": 0.9786231884057971}}, "generated_dpo_3000": {"BERT": {"F1": 0.6688524590163935, "Precision": 0.56353591160221, "Recall": 0.8225806451612904, "Accuracy": 0.9817028985507247}, "LSTM": {"F1": 0.599250936329588, "Precision": 0.5594405594405595, "Recall": 0.6451612903225806, "Accuracy": 0.9806089162740124}, "LR": {"F1": 0.5263157894736842, "Precision": 0.4271356783919598, "Recall": 0.6854838709677419, "Accuracy": 0.9722826086956522}, "SVM": {"F1": 0.5785714285714285, "Precision": 0.5192307692307693, "Recall": 0.6532258064516129, "Accuracy": 0.9786231884057971}}}