{"original": {"BERT": {"F1": 0.540045766590389, "Precision": 0.3769968051118211, "Recall": 0.9516129032258065, "Accuracy": 0.9635869565217391}, "LSTM": {"F1": 0.5699208443271768, "Precision": 0.4235294117647059, "Recall": 0.8709677419354839, "Accuracy": 0.9704603117071403}, "LR": {"F1": 0.5288461538461539, "Precision": 0.3767123287671233, "Recall": 0.8870967741935484, "Accuracy": 0.9644927536231884}, "SVM": {"F1": 0.5945945945945946, "Precision": 0.5703703703703704, "Recall": 0.6209677419354839, "Accuracy": 0.9809782608695652}}, "augmented_dpo_compliant_1": {"BERT": {"F1": 0.5672371638141809, "Precision": 0.4070175438596491, "Recall": 0.9354838709677419, "Accuracy": 0.9679347826086957}, "LSTM": {"F1": 0.4713375796178344, "Precision": 0.31988472622478387, "Recall": 0.8951612903225806, "Accuracy": 0.9548749546937296}, "LR": {"F1": 0.5070422535211268, "Precision": 0.3576158940397351, "Recall": 0.8709677419354839, "Accuracy": 0.9619565217391305}, "SVM": {"F1": 0.6159420289855073, "Precision": 0.5592105263157895, "Recall": 0.6854838709677419, "Accuracy": 0.9807971014492753}}, "augmented_dpo_compliant_2": {"BERT": {"F1": 0.6203208556149732, "Precision": 0.464, "Recall": 0.9354838709677419, "Accuracy": 0.9742753623188406}, "LSTM": {"F1": 0.4678111587982833, "Precision": 0.31871345029239767, "Recall": 0.8790322580645161, "Accuracy": 0.9550561797752809}, "LR": {"F1": 0.5, "Precision": 0.34810126582278483, "Recall": 0.8870967741935484, "Accuracy": 0.9601449275362319}, "SVM": {"F1": 0.6105263157894737, "Precision": 0.5403726708074534, "Recall": 0.7016129032258065, "Accuracy": 0.9798913043478261}}, "augmented_dpo_compliant_3": {"BERT": {"F1": 0.5885286783042394, "Precision": 0.4259927797833935, "Recall": 0.9516129032258065, "Accuracy": 0.970108695652174}, "LSTM": {"F1": 0.48120300751879697, "Precision": 0.3490909090909091, "Recall": 0.7741935483870968, "Accuracy": 0.9624864081188836}, "LR": {"F1": 0.4942263279445728, "Precision": 0.34627831715210355, "Recall": 0.8629032258064516, "Accuracy": 0.9603260869565218}, "SVM": {"F1": 0.5923344947735192, "Precision": 0.5214723926380368, "Recall": 0.6854838709677419, "Accuracy": 0.9788043478260869}}, "augmented_dpo_compliant_4": {"BERT": {"F1": 0.5499999999999999, "Precision": 0.39855072463768115, "Recall": 0.8870967741935484, "Accuracy": 0.967391304347826}, "LSTM": {"F1": 0.5674157303370786, "Precision": 0.4353448275862069, "Recall": 0.8145161290322581, "Accuracy": 0.9720913374411019}, "LR": {"F1": 0.48735632183908045, "Precision": 0.3408360128617363, "Recall": 0.8548387096774194, "Accuracy": 0.9596014492753623}, "SVM": {"F1": 0.6075085324232082, "Precision": 0.5266272189349113, "Recall": 0.717741935483871, "Accuracy": 0.9791666666666666}}, "augmented_dpo_compliant_5": {"BERT": {"F1": 0.5935828877005347, "Precision": 0.444, "Recall": 0.8951612903225806, "Accuracy": 0.972463768115942}, "LSTM": {"F1": 0.561307901907357, "Precision": 0.42386831275720166, "Recall": 0.8306451612903226, "Accuracy": 0.9708227618702429}, "LR": {"F1": 0.4862385321100917, "Precision": 0.33974358974358976, "Recall": 0.8548387096774194, "Accuracy": 0.9594202898550724}, "SVM": {"F1": 0.6054421768707484, "Precision": 0.5235294117647059, "Recall": 0.717741935483871, "Accuracy": 0.9789855072463768}}}