{"original": {"BERT": {"F1": {"average": 0.5372268140193809, "std_dev": 0.03834940269177747}, "Precision": {"average": 0.37575173307759757, "std_dev": 0.03689561114753558}, "Recall": {"average": 0.9483870967741936, "std_dev": 0.008224225021923874}, "Accuracy": {"average": 0.9628985507246377, "std_dev": 0.005692442950287786}}, "LSTM": {"F1": {"average": 0.49667862916414807, "std_dev": 0.04476146512277012}, "Precision": {"average": 0.34667947276953015, "std_dev": 0.045041871453684865}, "Recall": {"average": 0.8870967741935484, "std_dev": 0.01691627174467985}, "Accuracy": {"average": 0.9589343965204783, "std_dev": 0.007224132761960044}}, "LR": {"F1": {"average": 0.5288461538461539, "std_dev": 0.0}, "Precision": {"average": 0.3767123287671233, "std_dev": 0.0}, "Recall": {"average": 0.8870967741935484, "std_dev": 0.0}, "Accuracy": {"average": 0.9644927536231884, "std_dev": 0.0}}, "SVM": {"F1": {"average": 0.5945945945945946, "std_dev": 0.0}, "Precision": {"average": 0.5703703703703704, "std_dev": 0.0}, "Recall": {"average": 0.6209677419354839, "std_dev": 0.0}, "Accuracy": {"average": 0.9809782608695652, "std_dev": 0.0}}}, "augmented_dpo_compliant_1": {"BERT": {"F1": {"average": 0.5636876130722139, "std_dev": 0.058623841715770245}, "Precision": {"average": 0.4092758186406379, "std_dev": 0.06123160920429743}, "Recall": {"average": 0.9241935483870968, "std_dev": 0.021397579292615494}, "Accuracy": {"average": 0.9667753623188405, "std_dev": 0.009639724094252752}}, "LSTM": {"F1": {"average": 0.5268619718004001, "std_dev": 0.03821622388131499}, "Precision": {"average": 0.3727767210666889, "std_dev": 0.037758589890683716}, "Recall": {"average": 0.9048387096774194, "std_dev": 0.0129032258064516}, "Accuracy": {"average": 0.9630663283798478, "std_dev": 0.005751891098188432}}, "LR": {"F1": {"average": 0.5070422535211268, "std_dev": 0.0}, "Precision": {"average": 0.3576158940397351, "std_dev": 0.0}, "Recall": {"average": 0.8709677419354838, "std_dev": 1.1102230246251565e-16}, "Accuracy": {"average": 0.9619565217391305, "std_dev": 0.0}}, "SVM": {"F1": {"average": 0.6159420289855073, "std_dev": 0.0}, "Precision": {"average": 0.5592105263157895, "std_dev": 0.0}, "Recall": {"average": 0.6854838709677419, "std_dev": 0.0}, "Accuracy": {"average": 0.9807971014492753, "std_dev": 0.0}}}, "augmented_dpo_compliant_2": {"BERT": {"F1": {"average": 0.5667458239929684, "std_dev": 0.03454916821777212}, "Precision": {"average": 0.4065236948906783, "std_dev": 0.03792519365855177}, "Recall": {"average": 0.9435483870967742, "std_dev": 0.024460888529198574}, "Accuracy": {"average": 0.9672463768115943, "std_dev": 0.005151302439596887}}, "LSTM": {"F1": {"average": 0.4908804103904876, "std_dev": 0.03297729498874245}, "Precision": {"average": 0.34260812476146957, "std_dev": 0.03302012765876117}, "Recall": {"average": 0.8725806451612904, "std_dev": 0.010698789646307732}, "Accuracy": {"average": 0.9588981515041682, "std_dev": 0.005979219401920377}}, "LR": {"F1": {"average": 0.5, "std_dev": 0.0}, "Precision": {"average": 0.34810126582278483, "std_dev": 0.0}, "Recall": {"average": 0.8870967741935484, "std_dev": 0.0}, "Accuracy": {"average": 0.960144927536232, "std_dev": 1.1102230246251565e-16}}, "SVM": {"F1": {"average": 0.6105263157894737, "std_dev": 0.0}, "Precision": {"average": 0.5403726708074534, "std_dev": 0.0}, "Recall": {"average": 0.7016129032258065, "std_dev": 0.0}, "Accuracy": {"average": 0.9798913043478261, "std_dev": 0.0}}}, "augmented_dpo_compliant_3": {"BERT": {"F1": {"average": 0.5751508980182826, "std_dev": 0.03003731986873332}, "Precision": {"average": 0.4145688050100377, "std_dev": 0.03154962176818996}, "Recall": {"average": 0.9435483870967742, "std_dev": 0.01140494808365403}, "Accuracy": {"average": 0.9684420289855072, "std_dev": 0.0043815120167626}}, "LSTM": {"F1": {"average": 0.51593724569929, "std_dev": 0.04462032201925973}, "Precision": {"average": 0.37682349075300614, "std_dev": 0.04962351794653166}, "Recall": {"average": 0.8306451612903226, "std_dev": 0.03884385347997516}, "Accuracy": {"average": 0.9644073939833273, "std_dev": 0.006541798722829139}}, "LR": {"F1": {"average": 0.4942263279445728, "std_dev": 0.0}, "Precision": {"average": 0.34627831715210355, "std_dev": 0.0}, "Recall": {"average": 0.8629032258064516, "std_dev": 0.0}, "Accuracy": {"average": 0.9603260869565219, "std_dev": 1.1102230246251565e-16}}, "SVM": {"F1": {"average": 0.5923344947735192, "std_dev": 0.0}, "Precision": {"average": 0.5214723926380368, "std_dev": 0.0}, "Recall": {"average": 0.6854838709677419, "std_dev": 0.0}, "Accuracy": {"average": 0.9788043478260869, "std_dev": 0.0}}}, "augmented_dpo_compliant_4": {"BERT": {"F1": {"average": 0.586493692754534, "std_dev": 0.049672598344693605}, "Precision": {"average": 0.44242378604080734, "std_dev": 0.06307905251507266}, "Recall": {"average": 0.8903225806451612, "std_dev": 0.052164392350955595}, "Accuracy": {"average": 0.9711231884057971, "std_dev": 0.00700185260688812}}, "LSTM": {"F1": {"average": 0.5633406087593902, "std_dev": 0.03138675545730556}, "Precision": {"average": 0.43027285240298363, "std_dev": 0.04147514280971524}, "Recall": {"average": 0.8241935483870968, "std_dev": 0.02765552935400363}, "Accuracy": {"average": 0.9709677419354839, "std_dev": 0.004744360492880617}}, "LR": {"F1": {"average": 0.4873563218390805, "std_dev": 5.551115123125783e-17}, "Precision": {"average": 0.3408360128617363, "std_dev": 0.0}, "Recall": {"average": 0.8548387096774194, "std_dev": 0.0}, "Accuracy": {"average": 0.9596014492753623, "std_dev": 0.0}}, "SVM": {"F1": {"average": 0.6075085324232082, "std_dev": 0.0}, "Precision": {"average": 0.5266272189349113, "std_dev": 0.0}, "Recall": {"average": 0.717741935483871, "std_dev": 0.0}, "Accuracy": {"average": 0.9791666666666666, "std_dev": 0.0}}}, "augmented_dpo_compliant_5": {"BERT": {"F1": {"average": 0.608404845745252, "std_dev": 0.008332138465318476}, "Precision": {"average": 0.46629486738830295, "std_dev": 0.01565734486480951}, "Recall": {"average": 0.8774193548387096, "std_dev": 0.028121928668004323}, "Accuracy": {"average": 0.9746014492753623, "std_dev": 0.0014690677487473223}}, "LSTM": {"F1": {"average": 0.555587487974497, "std_dev": 0.014103175366541681}, "Precision": {"average": 0.41898995925479365, "std_dev": 0.0233968458592967}, "Recall": {"average": 0.8290322580645162, "std_dev": 0.031192063880344716}, "Accuracy": {"average": 0.9700978615440377, "std_dev": 0.002729228067708094}}, "LR": {"F1": {"average": 0.4862385321100917, "std_dev": 0.0}, "Precision": {"average": 0.33974358974358976, "std_dev": 0.0}, "Recall": {"average": 0.8548387096774194, "std_dev": 0.0}, "Accuracy": {"average": 0.9594202898550724, "std_dev": 0.0}}, "SVM": {"F1": {"average": 0.6054421768707484, "std_dev": 0.0}, "Precision": {"average": 0.5235294117647059, "std_dev": 0.0}, "Recall": {"average": 0.717741935483871, "std_dev": 0.0}, "Accuracy": {"average": 0.9789855072463768, "std_dev": 0.0}}}}