{"original": {"BERT": {"F1": {"average": 0.5204728042165936, "std_dev": 0.03924787624692083}, "Precision": {"average": 0.3621792649971548, "std_dev": 0.03978974014294292}, "Recall": {"average": 0.9370967741935484, "std_dev": 0.025194353793247297}, "Accuracy": {"average": 0.9605434782608695, "std_dev": 0.007780496569249579}}, "LSTM": {"F1": {"average": 0.45968085045966073, "std_dev": 0.027912205986304107}, "Precision": {"average": 0.30782934732624534, "std_dev": 0.02503963839020781}, "Recall": {"average": 0.9112903225806452, "std_dev": 0.014426245016127662}, "Accuracy": {"average": 0.9515766582094962, "std_dev": 0.00490233106663658}}, "LR": {"F1": {"average": 0.5288461538461539, "std_dev": 0.0}, "Precision": {"average": 0.3767123287671233, "std_dev": 0.0}, "Recall": {"average": 0.8870967741935484, "std_dev": 0.0}, "Accuracy": {"average": 0.9644927536231884, "std_dev": 0.0}}, "SVM": {"F1": {"average": 0.5945945945945946, "std_dev": 0.0}, "Precision": {"average": 0.5703703703703704, "std_dev": 0.0}, "Recall": {"average": 0.6209677419354839, "std_dev": 0.0}, "Accuracy": {"average": 0.9809782608695652, "std_dev": 0.0}}}, "generated_dpo_300": {"BERT": {"F1": {"average": 0.5290447851301469, "std_dev": 0.056165694754770734}, "Precision": {"average": 0.37216913974825283, "std_dev": 0.05816332078361062}, "Recall": {"average": 0.9370967741935484, "std_dev": 0.028121928668004368}, "Accuracy": {"average": 0.961340579710145, "std_dev": 0.010011152151566083}}, "LSTM": {"F1": {"average": 0.5328694508744326, "std_dev": 0.017831969750615132}, "Precision": {"average": 0.38299573206963794, "std_dev": 0.02136099491782324}, "Recall": {"average": 0.8790322580645162, "std_dev": 0.021029685178073042}, "Accuracy": {"average": 0.9652410293584632, "std_dev": 0.003152274723473578}}, "LR": {"F1": {"average": 0.507177033492823, "std_dev": 0.0}, "Precision": {"average": 0.36054421768707484, "std_dev": 0.0}, "Recall": {"average": 0.8548387096774194, "std_dev": 0.0}, "Accuracy": {"average": 0.9626811594202899, "std_dev": 0.0}}, "SVM": {"F1": {"average": 0.6137184115523466, "std_dev": 0.0}, "Precision": {"average": 0.5555555555555556, "std_dev": 0.0}, "Recall": {"average": 0.6854838709677419, "std_dev": 0.0}, "Accuracy": {"average": 0.9806159420289855, "std_dev": 0.0}}}, "generated_dpo_600": {"BERT": {"F1": {"average": 0.5835694398718829, "std_dev": 0.03012523307075951}, "Precision": {"average": 0.433947246621366, "std_dev": 0.037121744893520284}, "Recall": {"average": 0.8983870967741936, "std_dev": 0.033678408093259844}, "Accuracy": {"average": 0.9709420289855073, "std_dev": 0.00430931007576995}}, "LSTM": {"F1": {"average": 0.5348653697060305, "std_dev": 0.037730766767577}, "Precision": {"average": 0.3930841098754157, "std_dev": 0.04746575130279731}, "Recall": {"average": 0.8483870967741935, "std_dev": 0.02246514238255501}, "Accuracy": {"average": 0.9664008698803915, "std_dev": 0.005379180494524133}}, "LR": {"F1": {"average": 0.5190839694656489, "std_dev": 0.0}, "Precision": {"average": 0.379182156133829, "std_dev": 0.0}, "Recall": {"average": 0.8225806451612904, "std_dev": 0.0}, "Accuracy": {"average": 0.9657608695652173, "std_dev": 0.0}}, "SVM": {"F1": {"average": 0.597864768683274, "std_dev": 0.0}, "Precision": {"average": 0.535031847133758, "std_dev": 0.0}, "Recall": {"average": 0.6774193548387096, "std_dev": 0.0}, "Accuracy": {"average": 0.9795289855072464, "std_dev": 0.0}}}, "generated_dpo_900": {"BERT": {"F1": {"average": 0.5949663133646641, "std_dev": 0.02906602549674607}, "Precision": {"average": 0.44762259861276893, "std_dev": 0.03968293330456379}, "Recall": {"average": 0.8967741935483872, "std_dev": 0.03897756765675668}, "Accuracy": {"average": 0.9722826086956522, "std_dev": 0.004549951471290006}}, "LSTM": {"F1": {"average": 0.5614651291678122, "std_dev": 0.016504045033682475}, "Precision": {"average": 0.4278991456035075, "std_dev": 0.023023216714913974}, "Recall": {"average": 0.8193548387096774, "std_dev": 0.021997067253203016}, "Accuracy": {"average": 0.9711489670170351, "std_dev": 0.0024990669338076322}}, "LR": {"F1": {"average": 0.5065274151436031, "std_dev": 0.0}, "Precision": {"average": 0.3745173745173745, "std_dev": 0.0}, "Recall": {"average": 0.782258064516129, "std_dev": 0.0}, "Accuracy": {"average": 0.9657608695652173, "std_dev": 0.0}}, "SVM": {"F1": {"average": 0.6035087719298246, "std_dev": 0.0}, "Precision": {"average": 0.5341614906832298, "std_dev": 0.0}, "Recall": {"average": 0.6935483870967742, "std_dev": 0.0}, "Accuracy": {"average": 0.9795289855072464, "std_dev": 0.0}}}, "generated_dpo_1200": {"BERT": {"F1": {"average": 0.612939342616762, "std_dev": 0.045948994371185714}, "Precision": {"average": 0.4693839132309418, "std_dev": 0.05240223756074892}, "Recall": {"average": 0.8919354838709678, "std_dev": 0.014060964334002161}, "Accuracy": {"average": 0.9742391304347826, "std_dev": 0.005771455955279425}}, "LSTM": {"F1": {"average": 0.5872352568805216, "std_dev": 0.021085692854038378}, "Precision": {"average": 0.4648139559343104, "std_dev": 0.028268329083283122}, "Recall": {"average": 0.8, "std_dev": 0.01644845004384771}, "Accuracy": {"average": 0.9746284885828198, "std_dev": 0.002531967987904742}}, "LR": {"F1": {"average": 0.5092838196286471, "std_dev": 0.0}, "Precision": {"average": 0.3794466403162055, "std_dev": 0.0}, "Recall": {"average": 0.7741935483870968, "std_dev": 0.0}, "Accuracy": {"average": 0.9664855072463767, "std_dev": 1.1102230246251565e-16}}, "SVM": {"F1": {"average": 0.6149557759313856, "std_dev": 0.0008576789064593804}, "Precision": {"average": 0.5425433613572672, "std_dev": 0.001333030371885169}, "Recall": {"average": 0.7096774193548387, "std_dev": 0.0}, "Accuracy": {"average": 0.9800362318840581, "std_dev": 7.246376811593791e-05}}}, "generated_dpo_1500": {"BERT": {"F1": {"average": 0.6094728151279708, "std_dev": 0.007985715753661797}, "Precision": {"average": 0.46954581422392583, "std_dev": 0.019092813576711252}, "Recall": {"average": 0.8725806451612904, "std_dev": 0.04249012862038546}, "Accuracy": {"average": 0.9748550724637679, "std_dev": 0.0017048246892780777}}, "LSTM": {"F1": {"average": 0.5837263382520256, "std_dev": 0.011858089023152173}, "Precision": {"average": 0.47328833205523013, "std_dev": 0.025928783758950864}, "Recall": {"average": 0.7661290322580646, "std_dev": 0.037825933546963134}, "Accuracy": {"average": 0.9753896339253352, "std_dev": 0.0021084508259875227}}, "LR": {"F1": {"average": 0.5150684931506849, "std_dev": 0.0}, "Precision": {"average": 0.3900414937759336, "std_dev": 0.0}, "Recall": {"average": 0.7580645161290323, "std_dev": 0.0}, "Accuracy": {"average": 0.9679347826086957, "std_dev": 0.0}}, "SVM": {"F1": {"average": 0.6105263157894737, "std_dev": 0.0}, "Precision": {"average": 0.5403726708074534, "std_dev": 0.0}, "Recall": {"average": 0.7016129032258065, "std_dev": 0.0}, "Accuracy": {"average": 0.9798913043478261, "std_dev": 0.0}}}, "generated_dpo_1800": {"BERT": {"F1": {"average": 0.6211296926594339, "std_dev": 0.012313155217361638}, "Precision": {"average": 0.49320435191096845, "std_dev": 0.024294809168619712}, "Recall": {"average": 0.8435483870967742, "std_dev": 0.04434750672537909}, "Accuracy": {"average": 0.9768478260869566, "std_dev": 0.0018453379098908357}}, "LSTM": {"F1": {"average": 0.5839652889055393, "std_dev": 0.02069582219974244}, "Precision": {"average": 0.4866999941640122, "std_dev": 0.042077593777799446}, "Recall": {"average": 0.7370967741935485, "std_dev": 0.03481779539503691}, "Accuracy": {"average": 0.9762595143167815, "std_dev": 0.0028791412987655748}}, "LR": {"F1": {"average": 0.5141242937853108, "std_dev": 0.0}, "Precision": {"average": 0.39565217391304347, "std_dev": 0.0}, "Recall": {"average": 0.7338709677419355, "std_dev": 0.0}, "Accuracy": {"average": 0.9688405797101449, "std_dev": 0.0}}, "SVM": {"F1": {"average": 0.5964912280701754, "std_dev": 0.0}, "Precision": {"average": 0.5279503105590062, "std_dev": 0.0}, "Recall": {"average": 0.6854838709677419, "std_dev": 0.0},